Latitude,Longitude,What3Words,Map,Description
53.92417398,-0.78681396,instance.genius.future,P-01,Hamlet on Hodsow Lane
53.91730604,-0.78394399,fairway.drill.prospered,P-01,Group of at least 9 houses on Canal Lane/North side of A1079
53.91891414,-0.78254389,cigar.struggle.resettle,P-01,Group of at least 6 houses on Canal Lane to north end of road
53.99144488,-0.92651315,motels.digested.romance,SB-01,House on A166
53.99259755,-0.92419033,standards.rigid.soulful,SB-01,Hamlet set back from A166
53.99680585,-0.92752684,showrooms.purse.aboard,SB-01,Farm on road to Buttercrambe from A166
53.99506997,-0.91687863,tripled.instilled.revival,SB-01,Hamlet/Business on Buttercrambe Road just outside Stamford Bridge
53.95614239,-1.01636772,unfair.sheet.ranges,VR-01,At least 8 Houses just west of Grimston Bar roundabout on A1079
53.96165948,-1.0218282,pill.brain.bugs,VR-01,At least 7 Houses along Murton Way west of A64 bridge
53.96847448,-1.03596615,sudden.reveal.cove,VR-01,At least 7 Houses close together past the east end of Bad Bargain Lane
53.97673321,-1.05487295,class.moth.news,VR-01,A few houses on Heworth side of Malton Road near New Lane lights
53.97992889,-1.04792345,zeal.engage.axed,VR-01,About 6 houses at A1036 Monks Cross Roundabout
53.95976429,-1.00559000,stared.glow.colleague,VR-01,About 4 houses along Murton Lane in Murton Park Industrial Estate
53.96210607,-1.00221047,clock.steer.green,VR-01,1 House along A166
53.96386391,-0.99786798,zaps.signal.setting,VR-01,1 House/Business along A166
53.97465241,-1.01493485,kept.curving.bars,VR-01,About 12 houses/farms from here to end of the road (east of A64)
53.97610214,-1.02135612,trail.dance.hungry,VR-01,Hamlet of properties just west of A64
53.97643341,-1.04468329,brands.marble.baking,VR-01,Farm at end of Pasture Lane
53.97576929,-1.03788925,fresh.dose.coast,VR-01,Farm along Stockton Lane
53.97656433,-1.03991163,buyers.horses.glove,VR-01,Farm along Stockton Lane
53.97807235,-1.03975606,spices.solo.wages,VR-01,Farm along Stockton Lane
53.97913234,-1.03817893,last.hero.upset,VR-01,Hamlet up a driveway on Stockton Lane
53.98021438,-1.0373528,nerve.term.asleep,VR-01,Hamlet up a driveway on Stockton Lane
53.97844145,-1.03589368,apron.hops.region,VR-01,8 Houses in a row on Stockton Lane
53.97902192,-1.03371574,plots.fails.loves,VR-01,1 House/Farm on Stockton Lane
53.97927591,-1.03171492,aspect.pill.dozen,VR-01,1 House/Farm on Stockton Lane
53.98012971,-1.03202855,wallet.starts.torch,VR-01,Hamlet w/ Caravan Park (North side of the road) on Stockton Lane
53.98044152,-1.02976216,treat.view.mental,VR-01,1 House/Farm on Stockton Lane
53.9824336,-1.02679026,kind.full.become,VR-01,1 House on Stockton Lane
53.98360865,-1.02493815,pinks.plants.divide,VR-01,6 Houses close together on Stockton Lane
53.98371903,-1.02302443,flank.void.mess,VR-01,2 Houses up a driveway on Stockton Lane
53.98062291,-1.02559939,paints.spoke.bolts,VR-01,1 House near Stockton Lane
53.97914339,-1.02300299,bolt.kinds.crowds,VR-01,1 Farm near Stockton Lane
53.92746414,-1.07483945,cubes.proper.dart,VR-02,7 Houses down a lane on B1222 inside ring road
53.92625121,-1.07748411,slate.member.bids,VR-02,At least 3 Houses in Fulford Court next to A64
53.92317591,-1.08050865,trash.ruler.zips,VR-02,About 15 houses in a row along B1222 next to Designer Outlet
53.92005428,-1.06933288,banana.keys.pulse,VR-02,About 8 houses close together down Lingcroft Lane
53.92200093,-1.06499842,punchy.soaks.worm,VR-02,1 House on corner of Lingcroft Lane and A19
53.91919088,-1.07675186,wounds.guitar.valid,VR-02,1 Farm down Lingcroft Lane
53.91474718,-1.07853015,regularly.price.wheat,VR-02,1 Farm near sewage works off B1222
53.90982901,-1.06702884,cushy.potential.caps,VR-02,1 Farm off Howden Lane
53.91070746,-1.07574066,ferried.hardens.looked,VR-02,1 House off Howden Lane down track
53.90809099,-1.08149936,customers.stretch.biked,VR-02,1 House along Howden Lane
53.89910593,-1.06755187,cakes.february.ballooned,VR-02,1 Farm near Moor Lane
53.89625012,-1.06301359,posting.blizzard.heartburn,VR-02,Hamlet/Farm with at least 4 Houses off Moor Lane
53.89371226,-1.09720866,faded.negotiators.saunas,VR-02,At least 2 Houses by the river
53.89219803,-1.09309952,denoting.twigs.hobble,VR-02,Hamlet including at least 3 houses and a farm
53.88633023,-1.09250937,bugs.stick.octagon,VR-02,About 5 houses (1 by the road and 4 up a driveway)
53.88714598,-1.08104029,backyards.capers.kinks,VR-02,1 Farm near Wood Dike
53.88308145,-1.07392983,playing.curly.deadline,VR-02,2 Farms close to each other near territory border
53.92574264,-1.06153569,focal.stone.cities,VR-03,House on Forest Lane
53.92206076,-1.05245552,clap.axed.pipes,VR-03,House on Forest Lane
53.92740727,-1.0568901,tight.trend.wisely,VR-03,Farm off Cross Lane
53.9167108,-1.06012753,foil.descended.stable,VR-03,Farm off A19
53.9180346,-1.05833045,spell.crops.firmly,VR-03,Group of buildings by the A19
53.91763492,-1.04345752,coach.undulation.successes,VR-03,Hamlet/Farm at the end of Forest Lane
53.91470294,-1.05332001,cracks.rehearsal.melts,VR-03,House/Business on A19
53.91341379,-1.05109914,calibrate.polygraph.letters,VR-03,House on A19
53.90761539,-1.03278235,uncouth.heavy.restless,VR-03,Hamlet off Wheldrake Lane
53.90435246,-1.04975272,pollution.eventful.astounded,VR-03,Group of houses close together both sides of A19
53.89904431,-1.05255293,error.haggling.once,VR-03,Group of houses down track off A19
53.89862392,-1.04676472,monorail.confetti.ponies,VR-03,Group of houses down track off A19
53.89586286,-1.04790196,shops.shatters.sooner,VR-03,Farm next to A19
53.89690433,-1.03930812,stamp.steers.airstrip,VR-03,Hamlet of houses down track off A19
53.89172173,-1.04623365,such.dabbling.lyricist,VR-03,House next to Deighton on A19
53.8899482,-1.04357289,cement.dollar.electrode,VR-03,Farm opposite Deighton
53.88674237,-1.05781007,reflector.communal.starring,VR-03,Farm/Group of Houses off Naburn Lane
53.88821885,-1.04643213,townhouse.stammer.tenders,VR-03,House next to A19
53.88670758,-1.04844922,perform.newlyweds.slicing,VR-03,3 Houses close together on Naburn Lane
53.88792798,-1.05175363,distracts.voucher.person,VR-03,Farm off Naburn Lane
53.9672074,-0.9919403,wakes.whirlpool.eruptions,VR-05,6 Houses in a row on A166
53.96821561,-0.9903256,gracing.variances.develop,VR-05,2 houses together on A166
53.96835287,-0.99140921,exits.registry.brotherly,VR-05,House/Business on A166
53.96910388,-0.98730006,tasteful.mocking.aviators,VR-05,Houses/Businesses at T-Junction
53.97252583,-0.97800352,disco.hails.removing,VR-06,House/Business on A166
53.97302435,-0.97553053,crafts.monorail.sponge,VR-06,House on A166
53.97167392,-0.9729556,excavated.realm.moguls,VR-06,2 Houses set back from Eastfield Lane
53.96949356,-0.97545541,sharpness.noise.lasted,VR-06,House on Eastfield Lane
53.96598616,-0.96810076,jump.detained.unwraps,VR-07,4 Houses on Intake Lane
53.96641691,-0.96418474,delusions.prop.hikes,VR-07,Hamlet on Intake Lane
53.96853115,-0.96069787,snowstorm.freely.warrior,VR-07,House on Intake Lane
53.96932002,-0.95865939,hails.longer.resources,VR-07,About 4 houses near Intake Lane
53.95624654,-1.00989232,dunes.since.score,VR-08,A few houses at Grimston Bar
53.95485612,-1.00681316,agent.towers.closet,VR-08,Hamlet of about 10 houses and a farm on Elvington Lane B1228
53.9570972,-1.00414168,cubs.allows.clock,VR-08,Several houses in a row south side of Hull Road A1079
53.9580441,-1.00483904,tender.fakes.chin,VR-08,Bore Tree Baulk - all houses on and off this road
53.96144331,-1.00008616,ships.budget.drives,VR-08,House on A166
53.9625984,-0.99877724,impulses.trainer.employers,VR-08,House on A166
53.96129808,-0.99279851,outlooks.candidate.logged,VR-08,House on York Road heading to Dunnington
53.96052326,-0.99514007,soonest.kebab.conga,VR-08,House on York Road heading to Dunnington
53.9596064,-0.99704713,printer.rekindle.farms,VR-08,Farm on York Road heading to Dunnington
53.95893729,-1.00021214,tops.horns.with,VR-08,House set back from York Road heading to Dunnington
53.95554262,-0.98463923,crackling.triangle.lecturing,VR-08,House set back from Hull Road A1079
53.95478258,-0.97399468,galloping.later.helpfully,VR-08,2 houses south side of Hull Road A1079
53.95435328,-0.97157801,repeat.corporate.framework,VR-08,Farm on A1079 near crossroads
53.95984464,-0.97551163,spurted.cornering.commutes,VR-08,House on Hassacarr Lane
53.95692151,-0.97296515,hamsters.whimpered.energetic,VR-08,House on Common Road in Dunnington Business Park
53.95990578,-0.97412119,encrusted.showering.doll,VR-08,House on Common Road
53.96147483,-0.97054155,whoever.unimpeded.backed,VR-08,House down driveway off Common Road
53.957023,-0.96823754,dormant.mixer.mainframe,VR-08,House/Caravan Park on Hagg Lane
53.95868636,-0.96374218,tonsils.result.clipboard,VR-08,3 or 4 houses close to each other on Hagg Lane
53.95495078,-0.95992807,scale.echo.crumples,VR-08,Farm/Hamlet set back from A1079
53.94618168,-0.96552426,replace.nail.grunt,VR-08,Farm at end of Kexby Stray
53.94829377,-0.97345557,investor.shaver.squabbles,VR-08,House/Farm on Common Lane
53.94926613,-0.97343947,nutty.scans.uppermost,VR-08,House on Common Lane
53.9497523,-0.97331609,lectured.willing.ruins,VR-08,House on Common Lane
53.95023847,-0.97286548,verve.readings.replenish,VR-08,Farm on Common Lane
53.95179006,-0.97142245,coil.loosed.swift,VR-08,House set back from Common Lane
53.95226674,-0.97251947,stressed.unpainted.cloth,VR-08,Farm on Common Lane
53.95321058,-0.972152,supposes.tablets.traders,VR-08,About 3 houses close together both sides of road on Common Lane
53.94885257,-0.96638527,strutted.negotiators.shop,VR-08,Farm set back from Common Lane
53.95329828,-0.95834288,highs.loudness.coining,VR-08,House set back from A1079 on Scoreby Lane
53.95296162,-0.95857775,procures.plotter.consumed,VR-08,About 5 houses close together south side of A1079 some set back
53.95323309,-0.96068059,rotations.short.private,VR-08,House on A1079
53.95453681,-0.96893642,unites.waggled.fittingly,VR-08,Farm on A1079
53.95341305,-0.96865748,enjoyable.gradually.tigers,VR-08,2 houses set back from A1079
53.95377811,-0.96705732,mocked.grinning.conducted,VR-08,House set back from A1079
53.95364035,-0.96636417,pilots.dwarves.fidgeted,VR-08,House set back from A1079
53.95423535,-0.96644998,unleashed.apprehend.charts,VR-08,About 5 houses close together north side of A1079
53.97574391,-0.98848542,kindness.love.committee,VR-09,House at the end of Farfield Lane
53.98533389,-0.97254769,doctor.shook.damp,VR-09,Farm between Holtby and Warthill
53.99026998,-0.96206027,flow.skillet.resemble,VR-09,Farm between Warthill and Gate Helmsley
53.99638487,-0.95257599,sobs.anode.emotional,VR-09,Farm off Northgate Lane
53.99353095,-0.94376223,coached.warns.rotations,VR-09,House near Gate Helmsley
53.9964574,-0.94131606,shutting.yachting.sweeping,VR-09,House between Gate Helmsley and Upper Helmsley
53.98298719,-0.95795131,zones.dentures.additives,VR-09,House on A166
53.98502015,-0.95663167,pesky.framework.playoffs,VR-09,House on A166
53.98463376,-0.95335936,corrosive.guessing.machine,VR-09,Farm off A166
53.98655939,-0.95332719,reckon.needed.aliens,VR-09,Group of houses close together just before Gate Helmsley
53.99059336,-0.93507214,hunk.milky.gifted,VR-09,2 Houses and a farm just east of Balloon Tree (same side of road)
53.99019282,-0.93490577,erupted.jazz.delusions,VR-09,House on Scoreby Lane
53.98930973,-0.93527592,reliving.zealous.else,VR-09,House on Scoreby Lane
53.98745201,-0.93770063,tinned.noun.relate,VR-09,House on Scoreby Lane
53.98376945,-0.94145303,potions.labels.signature,VR-09,House on Scoreby Lane
53.98198403,-0.93748872,blotting.defends.nicely,VR-09,Hamlet of about 12 houses (1 down a track to farm buildings) Scoreby
53.97251952,-0.94488357,snapped.forklift.increased,VR-09,Hamlet/Farm
53.96726576,-0.93635684,slot.threaten.costly,VR-09,Farm on Scoreby Lane
53.9393183,-1.0381736,tone.smashes.eagles,VR-10,House on Common Lane
53.93830466,-1.02795975,crisis.lion.factories,VR-10,Farm on Common Lane
53.93567098,-1.02381843,nerve.ledge.spike,VR-10,1 Farm and 1 or 2 Houses on Long Lane by A64
53.93283502,-1.01874379,shirt.wisdom.crew,VR-10,Holme Hill Lane contains about 4 properties
53.92457689,-1.02140173,direct.nest.nails,VR-10,Farm down track off Long Lane
53.91683557,-1.01699487,birds.joke.corn,VR-10,Hamlet at the end of Langwith Stray
53.92390577,-1.01024645,they.rooms.tigers,VR-10,House on Langwith Stray
53.92260745,-1.00349265,gear.glow.stir,VR-10,Farm on Langwith Stray
53.93136639,-1.00858348,buck.shin.needed,VR-10,Farm down track off Long Lane
53.92919657,-0.99810677,winter.tinny.rated,VR-10,Farm on Langwith Stray
53.94120341,-1.01746695,many.plant.filer,VR-10,2 Houses on Ox Clay Lane
53.94149238,-1.0117966,shape.stews.good,VR-10,Farm on Ox Clay Lane
53.94259587,-0.99968381,community.noble.gossip,VR-10,Farm off B1228
53.94411681,-0.9983223,putty.flashback.bowls,VR-10,House off B1228
53.94787395,-0.99631603,suitable.moth.narrating,VR-10,House on Elvington Lane (B1228)
53.94617535,-0.99441429,recur.brambles.delivers,VR-10,House on Elvington Lane (B1228)
53.94396527,-0.99138876,jumpy.irrigated.fluffed,VR-10,House on Elvington Lane (B1228)
53.94603328,-0.980955000,forehand.into.because,VR-10,Hamleton down Priest Lane (At least 2 houses)
53.94014712,-0.98941567,procures.rely.profiled,VR-10,House down a track off Elvington Lane (B1228)
53.93976567,-0.985844600,sector.quack.goodnight,VR-10,Hamlet/Business on Elvington Lane (B1228)
53.935550020,-0.987526400,chugging.nerves.forwarded,VR-10,Hamleton down a track off Elvington Lane (B1228)
53.935921100,-0.980713590,clocked.awesome.quits,VR-10,Hamleton down a track off Elvington Lane (B1228)
53.93242187,-0.977977730,riverbed.tags.division,VR-10,House/Farm off B1228
53.934623110,-0.974667890,silk.warthog.firms,VR-10,House off Elvington Lane (B1228)
53.93660164,-0.96682245,witless.fleet.shapes,VR-10,Farm down track off Elvington Lane (B1228)
53.93355096,-0.96610629,removals.grab.dugouts,VR-10,Farm down track off Elvington Lane (B1228)
53.93352253,-0.96119249,dentures.guarded.strategy,VR-10,Farm down track off Elvington Lane (B1228)
53.93074324,-0.96756811,origin.taped.sidelined,VR-10,At least 3 houses together on Elvington Lane (B1228)
53.9293567,-0.96498245,mice.horseshoe.afraid,VR-10,At least 2 houses together on Elvington Lane (B1228)
53.92701621,-0.96179597,prospered.repeating.spellings,VR-10,House off Elvington Lane (B1228)
53.92626128,-0.96090547,words.rebel.manicured,VR-10,Traveler Site off Elvington Lane (B1228)
53.92551892,-0.95791225,giggles.elite.amps,VR-10,2 Houses off Elvington Lane (B1228)
53.92531845,-0.96156671,fears.rapid.mallets,VR-10,Group of several houses down track off Elvington Lane (B1228)
53.92632761,-0.95794969,target.abstracts.dogs,VR-10,House off Elvington Lane (B1228)
53.92679508,-0.94148627,sonic.daydreams.buckets,VR-10,House on Dauby Lane
53.92800644,-0.94119658,presenter.unrated.blanks,VR-10,House on Dauby Lane
53.92364427,-0.95459286,vocal.marathons.tone,VR-10,1 House on Wheldrake Lane
53.9229612,-0.95381076,brass.allies.winters,VR-10,1 House on Wheldrake Lane
53.922308,-0.95533585,crusaders.presumes.spends,VR-10,2 or 3 houses together on Wheldrake Lane
53.92087376,-0.95572209,being.confetti.start,VR-10,2 houses together on Wheldrake Lane
53.91802255,-0.96818096,contained.libraries.magazines,VR-10,Farm down a track off Wheldrake Lane
53.91696259,-0.96409868,lecturing.cape.invoices,VR-10,2 Houses and a farm down a road off Wheldrake Lane
53.91381884,-0.9595872,neutron.tweezers.giant,VR-10,House(s) together near Lake on Wheldrake Lane
53.9080891,-0.9015871,merit.bland.hound,VR-12,Farm
53.89656589,-0.92949281,koala.paces.repeats,VR-12,Hamlet
53.89112711,-0.91399233,treatment.grins.spurned,VR-12,House near Storwood
53.89351702,-0.90802711,tickets.tangible.tailwind,VR-12,House on Gatehead Lane
53.89708586,-0.90871643,blueberry.incoming.mankind,VR-12,Group of houses on Hagg Lane
53.90394291,-0.92406403,searcher.candy.robots,VR-12,Farm near Sutton on Derwent
53.89539227,-0.99125342,watch.nuggets.extent,VR-13,Group of farms down Benjy Lane (About 4 properties)
53.8989215,-0.98534984,ringers.flooding.habits,VR-13,House/Farm off Wheldrake Lane
53.90121306,-1.0039107,underway.parkland.laminated,VR-13,House/Farm off Wheldrake Lane
53.90112772,-1.01359348,situation.combos.repaying,VR-13,Hamlet/Farm off Wheldrake Lane
53.90712556,-1.01806775,bumping.intricate.scream,VR-13,Farm on Wheldrake Lane
53.90809572,-1.02581934,supreme.create.goose,VR-13,2 Houses on Wheldrake Lane
53.90952722,-1.02567986,tens.condensed.fuel,VR-13,Farm/Park off Wheldrake Lane
53.9117486,-1.01116374,half.laminate.attitudes,VR-13,Link Hall Farm off Wheldrake Lane
53.90524891,-0.99208756,month.shuffles.fuzz,VR-13,Farm off Wheldrake Lane
53.90758905,-1.00135993,trimmer.renovated.sprinter,VR-13,Farm/Golf Course off Wheldrake Lane
53.90184997,-0.97021678,styled.refills.knitted,VR-13,4 Houses close together on Broad Highway
53.90676434,-0.97480873,rating.irrigate.sorry,VR-13,2 Houses together on Broad Highway
53.90845184,-0.9771208,stones.scaffold.mush,VR-13,Hamlet at Haggwood Walk on Broad Highway
53.91221531,-0.97137014,mandolin.soulful.palm,VR-13,Farm off Broad Highway
53.91200991,-0.98217408,waltzes.proved.amber,VR-13,Farm on Broad Highway
53.91411112,-0.98502258,sigh.inflating.throwaway,VR-13,House off Broad Highway
53.91892925,-0.99015632,bullion.betrayal.estate,VR-13,Farm on Broad Highway near Elvington Airfield
53.91716636,-0.99970499,songbook.appear.appoints,VR-13,Farm at the end of Broad Highway
53.88231946,-0.94826828,steadily.jumps.barbarian,VR-14,Farm and 2 Houses south of Wheldrake (and Thicket Priory)
53.89166062,-0.98007124,save.dares.rises,VR-14,2 Houses on Wheldrake Lane near Industrial Estate
53.88856242,-0.99041383,encoding.sourcing.pythons,VR-14,Farm off Wheldrake Lane
53.88659904,-0.98961453,erase.forklift.uptake,VR-14,Farm off Wheldrake Lane
53.88373444,-0.9974305,brittle.remission.decorator,VR-14,3 Houses and a farm (2 entrances) on Wheldrake Lane
53.90311493,-0.95040868,pacifist.lobster.track,VR-15,Hamlet down a track off Church Lane
53.90430007,-0.94678765,rips.eclipses.evidently,VR-15,Possible farm off Wheldrake Lane
53.90575066,-0.9599895,pump.submerge.slacker,VR-15,Farm on Greengales Lane
53.91070806,-0.9606869,reset.inquest.professed,VR-15,Farm off Wheldrake Lane
53.91222004,-0.95350932,food.straddled.pulse,VR-15,Farm off Wheldrake Lane
53.96391438,-0.94724659,tester.fenced.overdrive,VR-16,Farm
53.95879526,-0.94400648,hypocrite.overjoyed.shins,VR-16,Farm
53.95431066,-0.9433853,prongs.nosedive.hitters,VR-16,Farm
53.95126762,-0.94845466,from.necks.reclining,VR-16,Hamlet
53.94904831,-0.94172232,hawks.plausible.conquests,VR-16,Hamlet/Farm on Dauby Lane
53.94598907,-0.94326729,tropic.stirs.town,VR-16,Farm on Dauby Lane
53.94376793,-0.94577378,pill.text.perfumed,VR-16,House down track off Dauby Lane
53.9387774,-0.95146412,campsites.dabbled.safest,VR-16,Group of houses off Dauby Lane
53.93506526,-0.93460907,popular.ombudsman.tungsten,VR-16,2 Houses on a Farm off Dauby Lane
53.93179024,-0.94295073,eggs.graver.magazines,VR-16,Farm on Dauby Lane
53.95154462,-0.92592939,fattest.mass.node,VR-17,House next to River Derwent
53.95304392,-0.92146093,icebergs.reveal.cluttered,VR-17,Buildings both side of A1079 here
53.94951933,-0.92023245,ankle.stewing.intestine,VR-17,Farm off A1079
53.95321454,-0.91759846,creatures.blush.young,VR-17,Houses at Long Lane junction with A1079
53.95050114,-0.90946605,playful.lend.roadshow,VR-17,Hamlet off South side of A1079
53.95120999,-0.90854854,bulldozer.stumble.dignity,VR-17,Farm off North side of A1079
53.94858016,-0.90182442,comical.clays.animates,VR-17,House/Farm off A1079
53.95881566,-0.91714781,nuns.corner.fishnet,VR-17,Farm on Long Lane
53.96813658,-0.92455875,intruders.applauded.dust,VR-17,Hamlet of at least 7 houses on Broad Lane before Low Catton village
53.96423932,-0.90586374,lamplight.emptied.edgy,VR-17,A group of 5 houses and a farm on Smeaton road
53.96751812,-0.90800414,valued.divisible.years,VR-17,Couple of houses next to each other on High Catton road
53.9732994,-0.89896238,mush.insurance.preparing,VR-17,At least 3 houses/farms down Common Lane (follow to end)
53.97907936,-0.91141321,ever.autumn.parts,VR-17,House on High Catton road
53.9784515,-0.89714385,firepower.fluffed.bandage,VR-17,2 Hamlets and a house on Howl Gate (follow to end of road from High Catton)
53.97877333,-0.88226301,tops.butchers.backyards,VR-17,Hamlet off Moor Road
53.98154941,-0.89150054,action.bounding.steaming,VR-17,"Large Hamlet, a group of at least 15 houses (Moor Road and Moor Lane)"
53.94179517,-0.90004344,barefoot.bookcases.shrimps,VR-18,Hamlet down Back O'Newton
53.9394561,-0.90096077,chatted.consoles.splashes,VR-18,Group of 3 houses down Back O'Newton
53.93318124,-0.90222408,flaunting.strumming.waiters,VR-18,Group of 2 houses down Back O'Newton
53.9309136,-0.90284099,charm.doted.caused,VR-18,1 House down Back O'Newton
53.93337313,-0.9199535,steepest.fats.sometimes,VR-18,Farm with about 3 houses off High Lane
53.92826206,-0.89558292,ecologist.dash.blemishes,VR-18,Possible house at this caravan park
53.92381932,-0.90669529,jokes.crusaders.frail,VR-18,Hamlet of 2 farms or about 3 houses on High Lane
53.93041458,-0.87912219,royal.trappings.saints,VR-18,House(s) down a long driveway
53.9378409,-0.89208801,friday.workbench.spot,VR-18,Farm on Carr lane
53.93995107,-0.88716883,mealtime.tasks.professes,VR-18,Farm off Carr lane
53.93846062,-0.88459122,cursing.zipped.burden,VR-18,Farm on Carr lane
53.94248036,-0.88623541,narrates.slices.reserve,VR-18,Farm off Carr lane
53.93766483,-0.87875748,warthog.tokens.motoring,VR-18,Farm on Carr lane
53.93775645,-0.86745189,wimp.lads.avoid,VR-18,Farm on Carr lane
53.94053525,-0.86456851,beats.snippets.spit,VR-18,Hamlet just off A1079
53.94398008,-0.87818876,scream.slave.react,VR-18,Hamlet of 2 houses off A1079
53.94532353,-0.88128403,snares.kitten.degrading,VR-18,Farm off A1079
53.94617915,-0.88505253,hippy.facelift.spurned,VR-18,Hamlet of houses opposite Wilberfoss south side of A1079
53.94670011,-0.8896418,paraded.horses.diverged,VR-18,Farm off A1079 opposite Wilberfoss
53.95299672,-0.89753013,thousands.lawful.ledge,VR-19,Farm on Mill Lane
53.9547297,-0.89888733,reporting.flexed.deck,VR-19,House/Farm at the end of Mill Lane
53.95319241,-0.88566938,sunbeam.swan.forgiving,VR-20,At least 5 houses close together (Storking Lane/Ling Lane)
53.95674668,-0.88371672,slice.highlight.patrolled,VR-20,House set back from Ling Lane
53.96068883,-0.88644722,mysteries.solutions.doors,VR-20,Farm set back from Ling Lane
53.95147668,-0.87352708,tapes.boomers.tomato,VR-22,Hamlet on Birker Lane
53.98555541,-0.85604177,deleting.hesitate.flips,VR-23,Group of houses on Hatkill lane
53.9821108,-0.85273469,eyeliner.massaging.blankets,VR-23,Group of houses up a driveway off Hatkill lane
53.98147839,-0.84967958,decking.grape.denote,VR-23,Farm off Hatkill lane
53.97920076,-0.8477457,prickly.absorbing.intrigued,VR-23,House on Gowthorpe lane
53.97374591,-0.86990343,geology.powers.converter,VR-23,Farm
53.97996427,-0.84398661,outright.running.croutons,VR-23,Group of houses on Gowthorpe Lane
53.97498901,-0.84386456,arena.think.innovator,VR-23,Farm on Highfield Lane (both sides of road)
53.96908163,-0.84122518,capacity.paler.hologram,VR-23,House on Station road just west of Fangfoss
53.96866827,-0.8468149,blazing.dragon.scooters,VR-23,Farm on Station Road
53.96409885,-0.85243146,shallower.hazy.purified,VR-23,Farm off Station road
53.96525386,-0.8623127,cropping.pool.barmaid,VR-23,"2 Houses at T Junction of Ling Lane, Newbridge Lane and Station  Road"
53.96478365,-0.86608388,valley.dolls.vitals,VR-23,Farm on Ling Lane
53.96507558,-0.87844888,spits.exotic.working,VR-23,Hamlet of about 4 houses up a driveway off Ling Lane
53.96069829,-0.87535896,treatment.computers.hinders,VR-23,Farm on Ling Lane
53.93429532,-0.72611022,vandalism.hurtles.applauded,VR-24,3 or 4 houses and a farm down a track on edge of territory off B1246
53.93385,-0.73902237,trash.ogre.engraving,VR-24,House on corner of Featherbed Lane
53.93718644,-0.74093742,holds.threaten.anguished,VR-24,Estate set back from B1246
53.93858217,-0.74376981,dollar.barmaid.custodial,VR-24,Estate near Kilnwick Percy
53.94120305,-0.74453693,energetic.ounce.between,VR-24,Estate near Kilnwick Percy with several properties close together
53.94287654,-0.73477369,notch.typhoon.files,VR-24,Farm on edge of territory
53.93364474,-0.75682423,heavy.loser.tinny,VR-24,2 houses close together on Kilnwick Road B1246
53.94008052,-0.77534749,create.toothpick.revived,VR-24,Farm/Caravan Park on The Mile just outside Pocklington
53.94096623,-0.77547355,cabbages.recoup.active,VR-24,Farm on The Mile just outside Pocklington
53.94479465,-0.76573444,devours.reinvest.squeezed,VR-24,Hamlet set back from Woodhouse Lane
53.94407634,-0.76132222,videos.scoping.scorching,VR-24,Hamlet at the end of Woodhouse Lane
53.94685423,-0.73978603,transit.acid.somewhere,VR-24,House on edge of the territory
53.95168175,-0.75082403,airstrip.teams.proclaims,VR-24,Farm set back from Swinebridge Lane
53.95597791,-0.75031977,exacted.swooned.appeal,VR-24,Farm on Givendale Hill
53.95575064,-0.75493854,nourished.reader.villas,VR-24,Farm on Grimthorpe Lane
53.95142921,-0.75791579,again.muted.shipped,VR-24,Farm set back from Swinebridge Lane
53.95284975,-0.76292616,shorts.regaining.scars,VR-24,Farm at the end of The Mile
53.94815865,-0.77248553,windows.polished.outermost,VR-24,Hamlet set back from the road
53.9487648,-0.77713112,request.regulates.toast,VR-24,Hamlet set back from the road
53.95121456,-0.77579001,bronzer.dummy.spelling,VR-24,2 farms close together
53.95918639,-0.77628622,pacemaker.port.touched,VR-24,Farm set back from the road
53.96054516,-0.78265369,agree.clinked.underline,VR-24,Hamlet of 2 farms and 1 house east of Meltonby
53.96870065,-0.80190943,flagpole.skipped.atoms,VR-24,Farm set back from Eastfield Road
53.96506852,-0.80792294,swatting.originate.cookie,VR-24,Farm set back from Eastfield Road
53.94367696,-0.78570082,cooked.spiking.burns,VR-24,Farm set back from Yapham Road
53.94465575,-0.79883827,nosedive.peachy.fictional,VR-24,Hamlet at crossroads of Yapham Road and Keldspring Lane (8+ Houses)
53.9395927,-0.80620633,blocking.urgent.bitter,VR-24,Farm set back from Keldspring Lane
53.93942217,-0.80101087,remarks.goggle.snooping,VR-24,House on Keldspring Lane
53.94169881,-0.80273284,garlic.slug.dumps,VR-24,House/Business on Keldspring Lane
53.94533456,-0.80302788,fake.churn.pelt,VR-24,House/Business set back from Yampham Road
53.952471,-0.80010421,eradicate.reefs.dock,VR-24,Farm south of Yapham
53.95240154,-0.80866594,wacky.regret.blasted,VR-24,House on Feoffee Lane
53.95039382,-0.81007667,urge.spring.headlight,VR-24,Farm set back from Yapham Road
53.95183333,-0.81391233,fiery.joggers.tango,VR-24,House set back from Yapham Road
53.9513977,-0.81847745,funky.beeline.briskly,VR-24,Farm set back from Yapham Road
53.95817169,-0.82323045,quail.newlywed.promoting,VR-24,2 farms at crossroads
53.95764769,-0.82586966,steadier.learns.hill,VR-24,2 houses together on Bolton Lane
53.95796806,-0.82995734,stared.aunts.settled,VR-24,Farm on Bolton Lane
53.9471358,-0.82733546,shimmered.front.buckling,VR-24,Farm on Feoffee Lane
53.9479377,-0.8249483,guidebook.huddling.patting,VR-24,3 houses close together on Feoffee Lane
53.94822136,-0.8226623,shunted.crockery.deal,VR-24,House on Feoffee Lane
53.9487538,-0.82150034,whips.glove.durations,VR-24,Farm on Feoffee Lane
53.95053759,-0.82980439,fellow.catapult.oasis,VR-24,Possible property in field down track
53.94660855,-0.83758686,resist.thickened.caked,VR-24,Farm on Feoffee Lane
53.9542908,-0.83620957,nerd.snug.honey,VR-24,House set back from Bolton Lane
53.95490159,-0.83848138,fellow.prowess.flop,VR-24,House on Bolton Lane
53.95415506,-0.83898297,chariots.organisms.stolen,VR-24,Farm set back from Bolton Lane
53.9539704,-0.84263077,thumbnail.tenders.explained,VR-24,Farm on Bolton Lane
53.95203378,-0.84594868,dockers.banquets.stunner,VR-24,House on Bolton Lane
53.95095417,-0.84919416,conspire.servants.mimed,VR-24,House at crossroads
53.95340227,-0.85285262,dupe.pile.fillings,VR-24,3 houses and gated estate on Newbridge Lane
53.95486691,-0.85489111,fails.scrambles.cashiers,VR-24,House on Newbridge Lane
53.95437133,-0.85788446,engaging.tripled.passwords,VR-24,Farm set back from Newbridge Lane
53.95876511,-0.86690737,tips.kilts.sized,VR-24,Farm set back from Newbridge Lane
53.95520781,-0.86456853,bonnet.roosters.scary,VR-24,Farm at end of Old Green Lane
53.95165658,-0.86193193,roofs.disco.thousands,VR-24,Farm on Old Green Lane
53.94816502,-0.86122652,webcams.swarm.chucked,VR-24,Farm on Old Green Lane
53.94652966,-0.86112997,forgiven.refuse.tentacles,VR-24,Hamlet of houses between Old Green Lane and Bolton Lane
53.94444747,-0.86328915,dignity.sparrows.ballroom,VR-24,Farm/Group of Houses on Bolton Lane
53.94469372,-0.86178711,according.scoop.dripped,VR-24,House set back from Bolton Lane
53.94525414,-0.86151621,piglets.lists.teaches,VR-24,House set back from Bolton Lane
53.94573878,-0.86074908,intruded.then.lengthen,VR-24,House on Bolton Lane
53.94563933,-0.85968693,headless.slips.dreamers,VR-24,House set back from Bolton Lane
53.94725223,-0.8585274,secrets.hires.roaring,VR-24,House on Bolton Lane
53.94696219,-0.85776654,perfected.audio.corrosive,VR-24,House on Bolton Lane
53.9479693,-0.85737757,activates.abolish.dive,VR-24,House/Business on Bolton Lane
53.94964408,-0.85172347,prude.sway.boggles,VR-24,House on Bolton Lane
53.94691955,-0.8501812,darling.retrieves.ruled,VR-24,Hamlet set back from the road
53.94060637,-0.86104941,comedians.retraced.ranking,VR-24,House set back from Sand Lane
53.94141314,-0.85879638,plotting.unfounded.romantics,VR-24,5 houses close together on Sand Lane (some down driveways)
53.94091265,-0.84977341,toast.segregate.bridge,VR-24,Farm set back from Sand Lane
53.94278663,-0.85029645,sheep.skunks.culling,VR-24,House on Sand Lane
53.94311341,-0.84939254,preoccupied.banks.unloading,VR-24,House on Sand Lane
53.94394223,-0.84775638,safe.exploring.remote,VR-24,2 Houses on Sand Lane
53.9449668,-0.84876222,paper.nourished.jabs,VR-24,Farm set back from the road
53.94689585,-0.84559056,gobbling.trunk.list,VR-24,Farm/Caravan Park on Feoffee Common Lane
53.94560456,-0.84456059,shudders.massaging.foil,VR-24,House on Feoffee Common Lane
53.94535199,-0.84246579,scale.refrained.proud,VR-24,House/Farm near crossroads
53.94354284,-0.84322617,musically.reseller.formally,VR-24,Hamlet set back from Feoffee Common Lane
53.94346705,-0.84028647,encloses.turkeys.minimums,VR-24,House on Feoffee Common Lane
53.94417905,-0.83822118,downhill.sheet.legroom,VR-24,3 houses in a loop off Feoffee Common Lane
53.9408621,-0.84095159,credited.caged.showering,VR-24,Lavender Fields Care Village (Large number of Properties)
53.94123472,-0.8400611,scanning.replaying.monopoly,VR-24,Group of Properties on Feoffee Common Lane (Excluding Lavender Fields)
53.91790102,-0.89686376,uncouth.risen.signed,VR-25,2 Houses on Sandhill Lane
53.91723252,-0.89156093,defining.stubborn.spindles,VR-25,Farm on Sandhill Lane
53.91472234,-0.8863521,exhale.overtime.timed,VR-25,Hamlet off The Street
53.917896,-0.87492452,deferring.relations.styled,VR-25,1 or 2 houses on The Street
53.92159858,-0.87450609,ripples.states.spirits,VR-25,Farm down a track off The Street
53.91790391,-0.86068604,valley.spaceship.retaliate,VR-25,Farm between The Street and Common Lane
53.92385414,-0.8562711,undulation.sapping.rises,VR-25,Farm down a track off Sutton Lane
53.92538455,-0.83219288,disco.cutlets.ranches,VR-25,House at end of track off Sutton Lane
53.92644435,-0.84219217,stem.bearable.filed,VR-25,House down track off Sutton Lane
53.92778674,-0.82121996,backs.crouches.corkscrew,VR-25,Farm off York Road (A1079)
53.92558359,-0.8482781,assures.shifts.hometown,VR-25,Farm on Sutton Lane
53.92646014,-0.8469826,existence.supplied.zooms,VR-25,House on Sutton Lane
53.92786259,-0.8465132,jots.outlined.pinch,VR-25,House or Estate on Sutton Lane
53.93011777,-0.85306046,valid.shed.ascendant,VR-25,This is a Holiday Home on a Farm/Business
53.93023464,-0.84921149,lighten.tens.spans,VR-25,Hamlet down a track off Sutton Lane
53.9297735,-0.8421385,shifting.trespass.tastings,VR-25,2 Houses on Sutton Lane
53.93058916,-0.83205471,burn.screening.pouch,VR-25,2 Houses down separate tracks on York Road (A1079)
53.93082124,-0.82842844,convinces.tentacles.flip,VR-25,2 Houses close together on opposite sides of A1079
53.93145929,-0.82692096,celebrate.blacken.windmills,VR-25,House off Lottings Lane
53.93327845,-0.83080481,entrust.highbrow.retract,VR-25,4 Houses here (possibly holiday homes)
53.93223623,-0.83462159,query.picturing.breathy,VR-25,Farm on York Road (A1079)
53.93320897,-0.83757738,winning.judges.engrossed,VR-25,Group of houses or holiday homes on east side of Feoffee Common Lane
53.93609637,-0.82973987,typist.kilowatt.invite,VR-25,Farm on Lottings Lane
53.93603386,-0.83893994,glosses.venturing.renews,VR-25,House on Feoffee Common Lane
53.93921697,-0.83054463,blushed.rebounder.monks,VR-25,Farm on Lottings Lane
53.93896436,-0.83574275,turntable.caller.warns,VR-25,Farm between Feoffee Common Lane and Lottings Lane
53.94295239,-0.82428435,tutorial.diplomat.rock,VR-25,Hamlet at the end of Flat Lane
53.93321762,-0.8408403,race.manual.hazy,VR-25,House on York Road (A1079)
53.93277863,-0.84363785,nibbles.series.hiring,VR-25,House/Business off York Road (A1079)
53.93292233,-0.84505405,tasters.replayed.oval,VR-25,House down a driveway off York Road (A1079)
53.9337782,-0.84879842,strides.teaching.triathlon,VR-25,Hamlet/Farm off Hull Road (A1079)
53.93662757,-0.85084626,undertone.bibs.everyone,VR-25,Farm off Hull Road (A1079)
53.93802649,-0.85282843,urge.airliners.repair,VR-25,Farm/Business off Hull Road (A1079)
53.9360141,-0.85332599,amphibian.jazz.bullion,VR-25,Group of at least 2 Houses on Hull Road (A1079)
53.93739412,-0.85943075,landlady.exists.baseless,VR-25,Group of at least 7 Houses set back from Hull Road near holiday park
53.91472474,-0.78607369,oath.reverses.zooms,VR-26,House down a driveway off A1079
53.91766542,-0.78717873,films.unsightly.unites,VR-26,House/Farm off A1079
53.91936037,-0.80188527,after.culminate.rainwater,VR-26,House on Main Street between Allerthorpe and Roundabout
53.91575557,-0.79777079,ironclad.cashiers.eyeliner,VR-26,At least 5 houses/holiday homes down a driveway
53.91444428,-0.82720935,assess.montage.initial,VR-26,House down driveway near Waplington
53.91283609,-0.81223324,dumpling.pinches.upwardly,VR-26,House between Allerthorpe and Waplington
53.91215517,-0.81647381,memory.rating.differ,VR-26,House near Waplington
53.91142526,-0.81900045,jetting.bulldozer.studio,VR-26,Hamlet of at least 8 houses (part of Waplington)
53.90988323,-0.81925259,homelands.sulked.televise,VR-26,House in Waplington
53.90879303,-0.81874296,typist.sparkles.scatter,VR-26,Hamlet of at least 4 houses (part of Waplington)
53.90776285,-0.80772984,concerned.catching.modules,VR-26,1 house possibly with security gate near Allerthorpe
53.90716876,-0.80750989,rejected.wage.spindles,VR-26,Hamlet/Farm near Allerthorpe
53.9048033,-0.81139105,scribble.suspect.sunk,VR-26,House or building in holiday park
53.9050909,-0.81329543,taskbar.lasts.overhear,VR-26,House near Allerthorpe
53.90084162,-0.81716855,professed.rephrase.policy,VR-26,Hamlet of at least 2 houses and a farm south of Allerthorpe
53.89698544,-0.8198373,sports.plastic.louder,VR-26,House/Farm south of Allerthorpe
53.89702337,-0.81708535,undertone.importers.mediate,VR-26,House between Allerthorpe and Bielby
53.89649866,-0.81470088,duplicate.living.emulating,VR-26,House/Farm between Allerthorpe and Bielby
53.89667094,-0.81159757,widget.topples.chainsaw,VR-26,Hamlet/Farm between Allerthorpe and Bielby
53.89492131,-0.82030401,stunts.serenade.blossom,VR-26,Hamlet/Farm between Allerthorpe and Thornton
53.89395242,-0.82083508,teamed.committed.airbrush,VR-26,Farm between Allerthorpe and Thornton
53.89316056,-0.82229956,tribune.products.discussed,VR-26,Farm between Allerthorpe and Thornton
53.89082594,-0.81985874,amuses.blackbird.snail,VR-26,Farm down a track between Allerthorpe and Thornton
53.89581273,-0.8283882,trudges.restrict.download,VR-26,Farm down a track east of Thornton
53.89302777,-0.8368425,pushed.magnum.establish,VR-26,Farm down a track east of Thornton
53.89607666,-0.83843441,clumped.ship.odds,VR-26,House east of Thornton
53.89632796,-0.84040317,walking.stone.necklaces,VR-26,At least 10 houses close together both sides of the road east of Thornton
53.89829404,-0.83724889,enclosing.zoos.gourmet,VR-26,Farm down track east of Thornton
53.90155271,-0.87000939,machinery.streamers.javelin,VR-26,Farm at end of Field Lane west of Thornton
53.90677524,-0.85903648,register.overhear.output,VR-26,Hamlet of at least 1 house and a farm west of Thornton
53.90771063,-0.84138212,skill.scoring.sometimes,VR-26,Hamlet north of Thornton
53.90718448,-0.85108104,overlaps.budget.agency,VR-26,Farm on Common Lane north of Thornton
53.90939337,-0.85209761,cult.passion.intensely,VR-26,House on Common Lane north of Thornton
53.9118565,-0.85319734,arrived.orbited.piled,VR-26,House/Farm on Common Lane north of Thornton
53.87312475,-0.81461237,mile.older.downfield,VR-27,Farm between Bielby and Seaton Ross
53.87082935,-0.8247177,slept.makes.horn,VR-27,House/Industrial Area near old Aerodrome
53.87185411,-0.82462919,lunges.nudge.meatballs,VR-27,2-3 Houses close together South West of Bielby
53.87310342,-0.82517904,assure.croak.uplifting,VR-27,Farm South West of Bielby
53.87494409,-0.83025915,sapping.rock.shudders,VR-27,"4 or 5 houses here (2 on one side, 2-3 on the other)"
53.87527298,-0.83414293,delusions.imitate.lamppost,VR-27,House and farm north of old Aerodrome
53.87811763,-0.83296953,engulfing.scowls.gosh,VR-27,Large Farm/Business down driveway
53.88110988,-0.8278089,belts.firming.toffee,VR-27,Farm east of Melbourne
53.88768975,-0.82823804,vented.fabricate.duration,VR-27,Farm next to Canal
53.88696573,-0.83153716,cheetahs.invent.crush,VR-27,2 Farms directly opposite each other both sides of road
53.88611839,-0.83718055,crackled.handed.soaps,VR-27,2 houses and large business south side of road and farm north side of road
53.88535799,-0.84214535,smirks.greet.handbook,VR-27,2 houses east of Melbourne
53.87621624,-0.84249939,sprouted.hamsters.enabling,VR-27,Large farm south of Melbourne
53.87149828,-0.84733405,hypnotist.months.guessing,VR-27,Farm at the end of Bibbill Lane
53.87596398,-0.85229881,fools.intestine.acid,VR-27,Farm at crossroads
53.87254513,-0.85283258,mediate.crescendo.efficient,VR-27,2 or 3 houses close together on Throughleys Lane
53.86884453,-0.85497299,vandalism.suave.correct,VR-27,Farm at the end of Throughleys Lane
53.87671032,-0.85835793,rant.connects.points,VR-27,Farm on Ash Lane
53.88009326,-0.85858997,hero.imagined.incorrect,VR-27,Hamlet down a track off Campey Lane
53.88201898,-0.85363324,foods.lifelong.cowering,VR-27,House on Campey Lane
53.88379602,-0.85313972,hoops.presumes.named,VR-27,House on Campey Lane
53.88537928,-0.8693577,drop.yesterday.blanks,VR-27,About 4 houses close together on Kidd Lane
53.8835707,-0.87142299,shout.diplomats.relate,VR-27,Farm on Kidd Lane
53.87565086,-0.87990144,workflow.disbanded.pacifist,VR-27,Farm down a track off Ash Lane
53.87100169,-0.88464895,winded.ahead.dreading,VR-27,Large farm on edge of territory off General Lane (B1228)
53.87677358,-0.89029769,smashes.stretcher.supposed,VR-27,House near crossroads (B1228)
53.87664076,-0.89183997,massaging.absorbing.deferring,VR-27,House/Business at crossroads (General Lane B1228)
53.878054,-0.89283417,discount.bundles.rejoiced,VR-27,House on General Lane (B1228)
53.87492196,-0.90269216,heartless.lads.first,VR-27,2 houses and a farm near Ballhall Lane
53.87892245,-0.90322859,likes.ignoring.midfield,VR-27,Farm on Ballhall Lane
53.88093843,-0.90439536,stopwatch.saves.flashing,VR-27,House on Ballhall Lane
53.88207319,-0.9037964,various.delusions.cassettes,VR-27,House on Ballhall Lane
53.88305694,-0.90333854,muted.deals.machinery,VR-27,House on Ballhall Lane
53.88368934,-0.90444093,wedge.drumbeat.shorten,VR-27,Farm on Ballhall Lane
53.88452251,-0.90403591,duos.gains.disengage,VR-27,2 Houses on Ballhall Lane
53.88539519,-0.90278867,clef.cracking.shakes,VR-27,2 Houses set back from Ballhall Lane
53.89522242,-0.90075025,glorious.unlisted.soon,VR-27,At least 1 house on Hagg Lane near bend
53.8841826,-0.89588466,unafraid.amber.vans,VR-27,Farm sent back from General Lane
53.8843976,-0.88546966,grounded.foil.manicured,VR-27,Hamlet/Farm set back from General Lane
53.88866117,-0.89146977,clips.pounding.retailing,VR-27,Possible house set back from General Lane
53.89006171,-0.89293963,thin.creeps.challenge,VR-27,House on General Lane
53.89032728,-0.89111573,showcases.transmitted.shortage,VR-27,Large house set back from General Lane
53.89131046,-0.89082606,crackling.pressing.squashes,VR-27,House set back from General Lane
53.89201701,-0.89381137,pass.investors.toolbar,VR-27,Farm on General Lane
53.89253071,-0.89148585,submitted.regaining.forgotten,VR-27,House set back from General Lane
53.89455389,-0.89396157,skillet.polishing.kennels,VR-27,House on corner by Rossmoor Garage
53.89658799,-0.8951632,binder.lengthen.packets,VR-27,Farm set back from B1228
53.89619603,-0.89291551,ruffling.wished.chuck,VR-27,House set back from B1228
53.89428677,-0.89110502,worry.regal.decoding,VR-27,At least 6 houses close together west of Melbourne
53.89334743,-0.88584038,gurgling.dunes.resists,VR-27,House west of Melbourne
53.89590521,-0.88544556,leader.witty.expansion,VR-27,Large house set back from road west of Melbourne
53.89553221,-0.88426002,transmits.banks.pump,VR-27,Large house set back from road west of Melbourne
53.89338736,-0.87742039,shuttered.tunes.crouches,VR-27,Hamlet down track west of Melbourne
53.89225249,-0.87836185,woof.stint.removable,VR-27,House on road west of Melbourne
53.8920802,-0.87924966,jammy.beakers.freshest,VR-27,House down track west of Melbourne
53.89081408,-0.88083486,comb.replaying.went,VR-27,Farm down track west of Melbourne
53.89072556,-0.8786569,hardens.shout.spaceship,VR-27,House down track west of Melbourne
53.88902786,-0.87905924,growl.supple.snuggled,VR-27,House down track west of Melbourne
53.89160125,-0.87499569,improve.bucket.efficient,VR-27,House west of Melbourne
53.87452265,-0.81040668,mouths.rips.inflates,VR-28,Farm and House on Everingham Road
53.87551253,-0.80229569,corrosive.gladiator.modifies,VR-28,Farm on Everingham Road
53.87778635,-0.79969394,care.splashes.hiking,VR-28,Farm south of Bielby
53.88016121,-0.80639675,works.oiled.dockers,VR-28,Farm down track off Gale Carr Lane
53.88291855,-0.80729529,fence.headings.holdings,VR-28,Farm on Gale Carr Lane
53.88698467,-0.79875514,overcomes.visitors.inquest,VR-28,2 Farms just north of Bielby
53.88892589,-0.79327807,nightcap.boating.highs,VR-28,At least 5 houses close together on Crudhall Lane (1 down track)
53.89206833,-0.78071461,masts.hurtles.compiler,VR-28,2 Farms down a track off Crudhall Lane
53.8935478,-0.80156605,outsiders.dusters.essential,VR-28,Hamlet/Farm on Marketbridge Lane
53.89705974,-0.80490809,stores.scans.stowing,VR-28,Farm on Marketbridge Lane
53.89900681,-0.80087406,splint.fishnet.droplet,VR-28,Hamlet down White Carr Lane
53.89457516,-0.77773731,aquatic.chatters.otters,VR-28,Farm on Crudhall Lane
53.89846315,-0.76469105,sedative.roofs.spend,VR-28,Farm near Hayton
53.90063143,-0.78729134,author.weekend.rotations,VR-28,Farm down track off Carr Lane
53.90344431,-0.77709359,poorly.onto.film,VR-28,Hamlet on Carr Lane
53.9056281,-0.77738327,december.sailing.plod,VR-28,House(s) on Carr Lane
53.90996693,-0.77483515,shape.butlers.brain,VR-28,Hamlet on Carr Lane
53.91204216,-0.77086287,staple.shred.shine,VR-28,Group of houses on The Balk
53.91441826,-0.77121694,single.method.nightcap,VR-28,House on The Balk
53.91559047,-0.78296768,certainty.airports.mentioned,VR-28,3 Houses and a business off A1079 South Side east of Pocklington Canal
53.92849198,-0.69168139,scrubber.mandolin.legroom,VR-29,Hamlet on Back Lane
53.93283474,-0.68248142,consoles.sandpaper.donor,VR-29,House on Back Lane
53.92616563,-0.6581377,stripped.submitted.crispy,VR-29,2 Houses on the edge of territory
53.91739456,-0.68053414,crows.basis.pursue,VR-29,Farm on edge of territory
53.9085758,-0.70195961,narrate.profiled.weekend,VR-29,Hamlet/Farm east of Burnby
53.91106899,-0.73782073,musician.uppermost.slate,VR-29,House on Burnby Lane
53.91453681,-0.74452892,earlobes.securing.disgraced,VR-29,About 3 houses close together on Burnby Lane
53.9178558,-0.75511026,gobblers.richer.mouths,VR-29,House on Burnby Lane
53.9284398,-0.7314183,penned.decoding.reds,VR-29,Farm on Lowfield Lane
53.92840065,-0.75067503,ultra.unloaded.directors,VR-29,About 2 houses close together near Cocoa Beck
53.923081,-0.74142835,scanty.rules.automate,VR-29,Farm on a road off Burnby Lane
53.92625562,-0.75909339,grapevine.carpentry.objective,VR-29,Farm at the end of Clayfield Lane
53.92226622,-0.6940966,toads.friction.facing,VR-29,House down a track off Nuburnholme Hill
53.92166893,-0.7610058,glow.records.stooping,VR-29,House on Burnby Lane
53.92084761,-0.76239782,supplied.smirking.leave,VR-29,At least 15 houses together on a road between Burnby Lane and The Balk
53.91976546,-0.77094614,nurture.pricier.shuttled,VR-29,3 Houses and a farm on The Balk
53.98198157,-0.87972833,written.retraced.encrusted,VR-30,House off Moor Lane near industrial area
53.99064923,-0.88498539,hoping.outwit.diver,VR-30,2 Hamlets close together off Moor Lane
53.99229387,-0.86693691,cans.swordfish.repeats,VR-30,Hamlet just outside Full Sutton village
53.99761542,-0.86363242,corrosive.inquest.spoken,VR-31,House on A166
53.99914475,-0.87439075,digits.chairing.caked,VR-31,Hamlet on A166
53.99903506,-0.81164575,years.dressing.whisker,VR-31,House on A166
53.99956795,-0.80312169,joked.motor.stiff,VR-31,Farm on A166
53.98346098,-0.81727852,thrusters.secondly.recruited,VR-31,Farm at end of Ings Lane
53.98360135,-0.80540438,amending.tint.divorcing,VR-31,Farm down track off Bray Gate
53.97726691,-0.81094313,awestruck.resettle.limiting,VR-31,Farm on Belthorpe Lane
53.9787686,-0.80642629,sport.speeding.suits,VR-31,1 or 2 houses next to each other on Belthorpe Lane
53.9926052,-0.77345111,mountains.infects.sprinkle,VR-31,Hamlet on Worsendale Road
53.98030717,-0.78280396,motivations.consoled.promising,VR-31,Possible farm on Pocklington Lane
53.9778181,-0.78009762,consonant.overhead.dragons,VR-31,House on Pocklington Lane
53.97386494,-0.78383393,trending.wounds.mashing,VR-31,Farm off Pocklington Lane
53.99378086,-0.88973832,also.simple.grandest,VR-31,Farm down track off A166
53.99549322,-0.89755428,expecting.coherent.duos,VR-31,Group of 2 or 3 houses on A166
53.99764315,-0.89896149,include.glows.crest,VR-31,Farm down track off A166